timestamp,acc_x,acc_y,acc_z,gyro_x,gyro_y,gyro_z
0.088579345703125,-0.0388428312765434,-0.1040640394560992,0.1834510260343551,-0.0449822731316089,0.0032798605971038,0.0142245581373572
0.10863134765625,-0.0154329487903043,-0.045986236757785,-0.0038286183774471,-0.0270380638539791,0.0138315670192241,0.0195193234831094
0.12868359375,0.0823878123620524,-0.0209775407727807,-0.094829908773303,-0.0043396558612585,0.0343800112605094,0.0372998490929603
0.148735595703125,0.1123940243734046,-0.0723258890856057,-0.0367447995513677,-0.000348751200363,0.003850458189845,0.0504307299852371
0.16878759765625,0.1124905800830572,-0.0834347275990992,0.1693167022198438,-0.0078947190195322,-0.0157056711614131,0.0509224832057952
0.188839599609375,-0.0459139387065544,-0.0946297830913215,-0.0933756183117628,0.0150705939158797,0.0111226383596658,0.0367104858160018
0.208891357421875,-0.0297317789841443,-0.1575469886448234,0.0730225661128759,0.0076536862179636,0.0096338577568531,0.0359648168087005
0.228943359375,-0.053576143897511,-0.1539245603639632,0.104964349296689,0.0097774760797619,0.011336451396346,0.0257431305944919
0.24899560546875,-0.0403549894051626,-0.1053146240390837,0.0485655857264995,0.0201733205467462,0.0109816342592239,0.0223928969353437
0.269047607421875,0.0492955074362456,-0.0214781837712973,0.1789414396554231,0.0073781264945864,0.0236321203410625,0.0321942716836929
0.289099365234375,0.073516487109661,0.0009124386698007,0.1928980688154697,-0.0096589010208845,-0.0018503786996006,0.0401530750095844
0.3091513671875,0.0181228089287877,-0.0049392099678516,0.0362695832550525,-0.0099153313785791,-0.0090688914060592,0.0372809953987598
0.329203369140625,-0.0232512213258072,0.0115891693763434,-0.2464431965202093,0.0274365935474634,0.0066319140605628,0.0415384843945503
0.34925537109375,-0.1258822323041036,-0.0715069008529186,-0.1116080250948667,0.0469232313334941,0.0112592624500393,0.0316367633640766
0.369307373046875,-0.1116875931371003,-0.043817733612284,-0.0289250657111406,0.0423042699694633,0.0232225526124238,0.0156262777745723
0.389359375,-0.0529770820258185,-0.036409064790979,0.1799783814877271,0.0061289956793189,0.0036113951355218,0.0083186700940132
0.409411376953125,-0.0109350163165479,0.0298229643989354,0.2099590937316417,0.0005991579964756,0.0047733564861118,0.0025600469671189
0.42946337890625,0.063475935414806,0.0602927753340452,-0.0157844291090965,0.0164627060294151,0.0193477012217044,0.0210140384733676
0.449515380859375,0.0719165776323527,-0.0237804693643003,0.0136713824778795,0.0339892283082008,0.0063758278265595,0.0156946778297424
0.469567626953125,0.0074330726101994,-0.074982468008995,-0.0039075288325548,0.042395494878292,0.0102999964728951,0.0146560445427894
0.48962060546875,0.0205440081937238,-0.1283433982532471,0.0991372505784034,0.0463121868669986,0.0178689323365688,0.0038575329817831
0.509672607421875,-0.0418603889994323,-0.1666699140381068,0.1830640725433826,0.0254470519721508,0.0048271613195538,-0.0116764158010482
0.529724365234375,0.0350750762408599,-0.1148841241560876,0.2247393142342567,0.0107238329946994,0.0003242944367229,-0.0112231485545635
0.5497763671875,0.11502291157227,-0.0190253837917,-0.0325830036967992,0.0335273034870624,0.0150771848857402,0.002716289833188
0.569828369140625,0.1192974470863118,0.0571584958963096,-0.0873211405783891,0.02878849953413,0.0407031029462814,0.0128098260611295
0.58988037109375,0.0848996490525081,0.052346857830882,0.0965992565333843,0.035667285323143,-0.0005441294051706,0.0189232267439365
0.609932373046875,0.0176557028736919,0.1110191923562437,0.1443593710958957,0.0164573658257722,0.0048636100254952,0.0306134577840566
0.629984375,-0.0264590409237891,0.0961819809693843,0.092463179641962,0.0203764550387859,0.0228596217930316,0.0226645283401012
0.65003662109375,0.0480349129159003,0.1147664891257882,0.1973924576252698,0.0063548861071467,0.0073012481443583,0.0334733426570892
0.670088623046875,0.0445384125696495,0.112572997669503,0.2164163070470094,-0.0077465334907174,0.0124678164720535,0.0334362499415874
0.690140380859375,-0.0362783145507797,0.036275647669658,0.0583861379951238,-0.0058134268037974,0.0173917710781097,0.024714458733797
0.7101923828125,0.0183593576310202,0.0279515445038676,-0.0401718513906002,-0.0047013629227876,0.0137966908514499,0.0273446179926395
0.730244384765625,0.034222222271189,0.00193944362998,-0.0214595521360635,0.0054553826339542,0.0057097021490335,0.0257156360894441
0.75029638671875,-0.0447047455798834,-0.0213734812878072,0.0436538482874631,0.004136951174587,0.0070673795416951,0.0132202189415693
0.7703486328125,-0.120766606323421,-0.0406017672404646,0.1162766014277935,-0.007655250839889,0.0077788596972823,0.0003312807530164
0.790400634765625,-0.0346373789433389,0.0108619510803371,0.0757762487351894,0.0089097302407026,0.0167861729860305,0.0075527797453105
0.81045263671875,0.097705062350817,0.0866412685554474,-0.0346060339570045,0.0103442333638668,0.0248775780200958,0.021105894818902
0.83050537109375,0.0833840933904051,0.0548431316260248,0.0936146877646446,-0.0006358081009238,0.0091311810538172,0.0212436933070421
0.8505576171875,-0.0188977388240396,0.0324386998552829,0.2181394775778055,-0.0245066005736589,-0.0019592503085732,0.010346096009016
0.870609375,-0.0301581146374344,0.0274649300307035,0.1340384680896997,-0.0242354236543178,0.0065695266239345,0.0080224853008985
0.890661376953125,0.0178569245342165,0.0089228727765381,-0.0763712920188903,-0.0057616932317614,0.0062555009499192,0.0117528513073921
0.91071337890625,0.0160455277306959,-0.0219156984057277,0.0341647199302911,-0.0128544261679053,-0.0077059296891093,0.0084185916930437
0.930765380859375,-0.049122342826426,0.0066167877912521,0.0803355194747448,-0.0056293383240699,0.0024574915878474,-0.0056144022382795
0.9508173828125,-0.0469807276878505,0.0270259540915489,0.0164706578075885,-0.0008886409923434,0.0235844254493713,0.0102415075525641
0.97086962890625,0.0681454250631853,0.0190127435058355,0.1208136603355407,-0.0218237321823835,0.0036669434048235,0.0099258478730916
0.990921630859375,0.0462535824570804,0.044757279484719,0.1515139190256595,-0.0253128446638584,-0.010005266405642,0.00832384172827
1.010973388671875,0.0010716843521222,0.0388167835198342,0.0526344426006078,-0.0232556238770484,0.0033288365229964,0.0137854740023612
1.031025390625,-0.0526143496606498,-0.0388938673440366,0.0641202977329492,-0.0377669595181942,-0.0091497432440519,-0.0013187618460506
1.051077392578125,-0.0555856205563992,-0.0512540210928767,0.0692635058403015,-0.0238633062690496,-0.005906241480261,-0.0055974721908569
1.071129638671875,-0.004868300156109,-0.0145558371622115,-0.0860714327782392,-0.0121361762285232,-0.0053701465949416,0.0008640219457447
1.091182373046875,0.0174300774242728,-0.0337059433121234,0.0315238500326871,-0.0099018430337309,-0.0064565655775368,0.0013209832832217
1.1112353515625,0.0145569331407546,-0.0008810206182301,0.0130266548335552,-0.0091050425544381,-0.0027209864929318,0.0022060275077819
1.13128759765625,0.0380064535176381,-0.0046581280041486,0.1345090082108974,-0.0127368047833442,0.0013154144398868,0.0004371930845081
1.151339599609375,0.0478679223185405,-0.0052003451220691,0.1715811400204897,-0.0251856613904237,-0.0027761522214859,0.0091677382588386
1.1713916015625,0.0529258267626166,-0.0249658797565847,0.2048468652844429,-0.0367988869547843,-0.0115035595372319,0.0174868460744619
1.191443603515625,0.0430298711702227,-0.0337136882271617,0.0384165321558713,-0.0291573051363229,-0.0082293171435594,0.0211650319397449
1.21149560546875,0.0415921665173023,-0.0127251146037131,-0.0523410126119852,-0.0177832376211881,-0.0123257152736186,0.0246680025011301
1.23154736328125,-0.0601465717963874,-0.0042909751921892,-0.0981546692818403,0.0130265345796942,-0.008497230708599,0.0134044494479894
1.251599365234375,-0.0281872529558837,-0.0172328743517398,0.0652262131482362,-0.0113245351240038,-0.0058794575743377,0.0025363154709339
1.2716513671875,-0.0358069707119837,-0.0173541626438498,0.1814326719492673,-0.0223126299679279,-0.0244442000985145,0.0027499967254698
1.291703369140625,-0.0239343447517603,-0.0151352444853633,0.2226315283000469,-0.0436600893735885,-0.0314759351313114,-0.0005330338608473
1.31175634765625,-0.0469352811109274,-0.0364556073464453,0.0366068523854017,-0.0300198476761579,-0.0037381257861852,-0.0065333833917975
1.33180859375,0.0203442113053053,-0.0146692344088107,-0.1487730958849191,-0.0100226830691099,-0.0028626285493373,-0.0056996429339051
1.351860595703125,-0.0161237075334414,-0.0726779904589056,0.0196317521870136,-0.0115311061963438,-0.0159554127603769,-0.0169748961925506
1.37191259765625,-0.0353397185264155,-0.0489753355711698,0.031919571352005,-0.0082699917256832,-0.0129116121679544,-0.0180194061249494
1.391964599609375,-0.0163118870493024,-0.0285684342931956,0.1159539453446865,-0.0108827333897352,-0.0163947232067585,-0.021294105798006
1.412016357421875,0.0131989061279222,-0.0059966831315308,0.0945844095796346,-0.0140681313350796,-0.0059278137050569,-0.0101996809244155
1.432068359375,0.091286573610641,0.0012857289616018,0.0138508306980133,-0.0009451347868889,-0.0062830033712089,-0.0001273583620786
1.45212060546875,0.0434933970287442,0.0064768678639084,0.1713204432576894,-0.0206521786749362,-0.0156717505306005,0.0027314876206219
1.472172607421875,-0.037806802759692,0.0031141864977777,0.150744688218832,-0.0184278991073369,-0.0295820869505405,-0.0060665691271424
1.492224609375,-0.0677594214202836,-0.0066884647879749,0.1339636492878198,-0.0182580649852752,-0.0046928664669394,-0.0001191601622849
1.51227734375,-0.0268434736641123,0.0118462859425693,-0.0355348392397165,-0.0017971746856346,0.0043108602985739,-0.0069380132481455
1.53232958984375,-0.0462467143248766,0.0164232384692877,0.0035667525708675,0.0118457833305001,-0.0116659356281161,-0.0060958638787269
1.552381591796875,0.0513331507436931,0.082844433555752,0.209076465678215,-0.0156130269169807,-0.0187665708363056,-4.87952493131e-05
1.57243359375,-0.0398124434936791,0.1053586823765188,0.1296031159907579,-0.0266097243875265,-0.0077629974111914,0.0027700462378561
1.5924853515625,-0.0155573423549532,0.0937828839384019,-0.0285527252674102,-0.0152059067040681,-0.0092493835836648,-0.0005925751756876
1.612537353515625,-0.0813234345335513,0.0415888785816729,-0.009793079739809,-0.0143594816327095,-0.0045309858396649,-0.0087858084589242
1.63258935546875,-0.0582141058964654,0.0535822448447346,-0.0217015441983938,-0.0152642345055937,0.0075998273678123,-0.0106971208006143
1.6526416015625,-0.0561185218567028,0.0343505248259752,0.0452034158170223,-0.0178156327456235,-0.0132227428257465,-0.013872580602765
1.672693603515625,-0.0792699360698461,0.0205043703030794,0.1947358056366443,-0.040435567498207,-0.0063665900379419,-0.0243564750999212
1.692746337890625,-0.0462860599545761,0.0867854262664914,-0.0272287831872701,-0.0282307751476764,0.0146371535956859,-0.0226190071552991
1.71279833984375,0.0467551022384315,0.0636724078349769,-0.050536009016633,-0.0217017233371734,0.0134527320042252,-0.0107271010056138
1.7328505859375,-0.0090967315061017,0.0015442337673157,0.0639256519436836,-0.036187820136547,0.0023251683451235,-0.020943634212017
1.75290234375,-0.0207734330354258,0.0053647419035434,0.1757084490835666,-0.0503658540546894,-0.016361279413104,-0.0230956394225358
1.772954345703125,-0.0292302226701751,0.0701011987734585,-0.0323246450215578,-0.0204957518726587,-0.0037778054829686,-0.0052330954931676
1.79300634765625,0.1288055358722805,0.0382294120859354,-0.0554202739268541,-0.0211470890790224,0.0062213730998337,0.0083098579198122
1.813058349609375,-0.0094715196352452,-0.0175020466819405,0.0657750792026519,-0.0307003669440746,-0.0031109121628105,-0.0117422025650739
1.833110595703125,-0.0363730801621451,0.0112138332579284,0.2023971340447664,-0.0360618643462657,-0.0072019114159047,-0.0148417595773935
1.85316259765625,-0.0155806866979226,0.0050415012985467,0.0720434919476509,-0.0293071940541267,0.0038570561446249,-0.0139068383723497
1.873214599609375,-0.0730860598031431,-0.0121865507476031,-0.1062678331106901,-0.000510781770572,0.0191676095128059,-0.0148221114650368
1.893267333984375,0.0770179558919742,-0.0907966346692293,0.089078213378787,-0.0244036056101322,0.0357618778944015,0.0032421490177512
1.9133193359375,0.0935552857276052,-0.0441087524481117,-0.1377852534025907,0.0097341369837522,0.0142192654311656,-0.0004418587777763
1.933371337890625,0.109549850456044,-0.1025256509076803,0.1051794533520937,-0.0010007949313148,-0.0083677256479859,-0.0004605199210345
1.95342333984375,0.0540657540453597,-0.0927947496838867,-0.0260001181751489,0.0179487634450197,-0.010115748271346,0.0056121335364878
1.973475341796875,0.0277838597867637,-0.0694665541317313,0.0041243864536285,0.0236723180860281,-0.0133913997560739,0.0102102709934115
1.99352734375,0.0184139008298516,-0.0558653873458504,0.0706488227188587,0.0151802208274602,-0.0106823164969682,-0.0017523437272757
2.013579345703125,-0.0194808724742382,-0.0059865270636975,0.114983054485917,0.0057567907497286,-0.0317117050290107,-0.0131718451157212
2.033631591796875,-0.0472993286503478,0.0131920745283365,0.0755734196394681,0.0139418542385101,-0.0006336010992527,-0.0162687208503484
2.05368359375,0.0490348472060635,0.0516579257186502,-0.2042138280779123,0.0373263582587242,0.0094204023480415,0.0033906572498381
2.073736572265625,0.0581737008208408,-0.0038389205757528,-0.0034989480316638,0.0392562672495842,0.0031171948648989,0.0090765822678804
2.09378857421875,0.0021378157462924,-0.0295206935167312,0.1775660596489906,0.0134089421480894,0.0020109545439481,0.0041441987268626
2.11384033203125,0.0092222210492938,-0.026358503158763,0.0453133059322834,0.0184993091970682,0.0006404919549822,0.0035375310108065
2.133892333984375,0.03185063430164,-0.0457030359022319,0.1210515607446432,0.0066895335912704,-0.0133073180913925,0.006968158762902
2.1539443359375,0.0006142229082062,-0.010734013851732,0.0713514180302619,0.0114722698926925,0.0025027217343449,0.0071749724447727
2.173996337890625,0.0904416472190991,0.046725803078711,0.0426683443814516,0.0144133241847157,-0.0005197701975703,0.0170483943074941
2.19404833984375,0.0757856741506606,0.0284872588157653,0.0200397484660148,0.0193513389676809,8.02003778517e-05,0.0250456761568784
2.214100341796875,0.026210509522818,-0.0060388417728245,0.0752870039135217,0.0104567725211381,-0.0012274859473109,0.0213273894041776
2.23415234375,-0.0211047473490238,0.0397158512514084,-0.0326145678788423,0.0218461118638515,-0.0036459788680076,0.0185009948909282
2.254204345703125,-0.0793108526021242,-0.0440238506436347,0.1825771658092737,-0.0039082709699869,-0.0154813742265105,0.010403998196125
2.274257568359375,-0.0577083483314141,0.0629044191371649,-0.0450467639505863,0.0159514024853706,0.0164358541369438,0.0017108311876654
2.294309326171875,-0.0080115666178986,-0.0060737669557332,0.0405938761949539,0.0027048175688833,-0.0132710235193371,0.0051266970112919
2.314361328125,0.022011121604219,0.0232275116566568,0.1250415071636438,0.0074449870735406,-0.0065967231057584,0.0112884137779474
2.334413330078125,-7.94219117611e-05,0.0094953389022499,0.0571662408113479,0.0039533982053399,-0.012532414868474,0.0025481288321316
2.354465576171875,0.0491491943007335,-0.0035008477278053,0.077535659623146,0.0082593094557523,-0.0050087561830878,0.0145015362650156
2.374517333984375,0.0404434348735958,0.0175263043403625,0.0473567944586277,0.0014846913982182,-0.0148755051195621,0.0107456836849451
2.3945693359375,0.0269492355935275,0.0282942935269325,0.0873708249390125,0.0027189454995095,0.0039103222079575,0.0204254351556301
2.414621337890625,-0.020568338917382,0.0418129696611315,-0.0468131891012191,0.0138620370998978,0.0146898459643125,0.0154042150825262
2.434673095703125,-0.0196316060565412,-0.0016566081006079,0.2297895833611488,-0.0117430202662944,-0.0076505374163389,0.0095427129417657
2.4547265625,-0.0580697655223309,0.0116646457653492,0.0781552528262138,-0.014631918631494,-0.0016560275107622,8.6226966232e-05
2.4747783203125,-0.0715052203524857,0.0542957999415695,-0.0046779286831617,-0.0012884805910289,0.0103109627962112,0.0030646873638033
2.494830322265625,-0.0142365055473521,0.024002149290964,0.0002899228572845,0.004784682765603,0.01504697650671,-0.0016516000032424
2.51488232421875,-0.0373585110029205,0.0040379502791911,0.157408237761259,-0.0207678154110908,0.0125864818692207,-0.0076881870627403
2.534934326171875,0.0389009546719491,0.0201596485186368,0.1570113473981619,-0.0344016291201114,-0.0135638192296028,-0.0051748473197221
2.554986572265625,-0.0020646043796092,-0.0429231228601187,-0.0032148703932762,-0.0196129065006971,0.001391542609781,-0.0057066436856985
2.57503857421875,-0.0037010830076411,-0.0114328828360885,-0.1883627634733915,0.0196946207433938,0.0207452662289142,-0.0057119699195027
2.595090576171875,0.0057705462254583,-0.0690608228750526,0.0448018492788076,0.0035503800027072,0.0021341838873922,-0.0081553254276514
2.615142578125,-0.0335847280852496,-0.0932470234960317,0.192115978527069,-0.0074444850906729,0.0011724410578608,-0.0136832296848297
2.635194091796875,0.0242012520596385,-0.0726187345523387,0.1324298638492822,-0.0104209836572408,0.0008670133538544,-0.0137662617489695
2.655247314453125,0.0482931619932875,-0.062545741892606,0.0417997448533773,-0.0102572217583656,0.0042706858366727,-0.0105671789497137
2.67529931640625,0.0939285394867882,-0.0286239638727158,-0.0396563030838966,0.008246679790318,-0.0122948605567216,-0.005438691470772
2.695351318359375,0.074754760200344,-0.0313273776125162,-0.1043137764334678,0.0278878547251224,-0.0022449656389653,0.0017432072199881
2.7154033203125,0.0394342578310519,-0.0081372753567993,-0.0986193641841411,0.0374867767095565,0.0007810317911207,-0.000895281555131
2.735455322265625,-0.0580216885969042,0.006763356655091,0.2096124722510576,0.0042203497141599,-0.0061242398805916,-0.010425878688693
2.755507568359375,-0.0620037439703941,0.0096995562374591,0.2307499528259038,-0.0158115960657596,-0.0152218267321586,-0.0098235476762056
2.7755595703125,-0.0195172589618712,0.0384602251671254,0.0338841494232416,-0.0095678651705384,-0.010734099894762,-0.0118012856692075
2.795611572265625,-0.0153033310612663,0.0301586991593241,-0.0715817196547985,0.0072741834446787,0.0104063041508197,-0.0161039475351572
2.815663330078125,0.0253016510495916,0.0055102147888392,-0.0552121841341257,0.0191861502826213,0.0060599879361689,-0.0164964217692613
2.83571533203125,0.0205927061736583,0.0397425931278616,0.0937865372002124,0.0086207678541541,0.0104349162429571,-0.0051480643451213
2.855768310546875,0.044570122882165,0.004773351881653,0.1952431706368923,-0.0149682583287358,-0.0048975879326462,0.0025373245589435
2.8758203125,0.0053097603132948,0.0200296654634177,0.2504039168447255,-0.0396178849041461,-0.0099300518631935,0.002404470462352
2.895872314453125,-0.0199492206383496,0.0069870093431323,0.0441273110181093,-0.0247183907777071,0.010269833728671,-0.0076576368883252
2.91592431640625,-0.0163784129468724,0.0261245482724159,-0.1867711103677749,0.0109726786613464,0.0215145386755466,-0.002723807003349
2.935976318359375,0.0805880329310893,-0.0213884596612304,-0.0479097521662712,0.0146929817274212,0.0050666658207774,0.0079551842063665
2.956028564453125,0.0557182704927399,-0.0328105288423597,0.0850830062627792,-0.0076970299705863,-0.0139115899801254,0.0053509543649852
2.97608056640625,0.0078487042063847,0.0056784109625965,0.1017582467317581,-0.004053184762597,-0.0123614780604839,0.0038370424881577
2.99613232421875,-0.0592233925368636,0.0096293405454605,0.0187274968236684,0.0001803212799131,-0.0003800299018621,-0.0086574833840131
3.016184326171875,-0.0549774255301803,0.02103482391797,0.0713414811581373,-0.0069330241531133,0.0014414931647479,-0.0123689752072095
3.036236328125,-0.0288518908770754,0.0038169279396533,0.0619382775187492,-0.0008701921906322,0.008236170746386,-0.0056522572413086
3.056289306640625,0.0889359918965026,0.0813124016828834,-0.0701519791126251,0.0137861408293247,0.0142659470438957,0.007501799147576
3.07634130859375,0.0234960994649678,-0.0369268050547689,0.1245738896518945,-0.0023863168898969,-0.0070445528253912,-0.0066869519650936
3.096393310546875,-0.0390978289509192,-0.0182329182397574,0.1360574066966772,-0.0101678976789116,-0.0024973200634121,-0.0162116531282663
3.116445556640625,-0.0277210967488586,0.0448323174823075,0.0403004462063312,-0.0018289942527189,0.0146952103823423,-0.0091711096465587
3.13649755859375,0.0096500910725444,0.0295263195399194,0.1006166754812002,-0.0137614766135811,0.0020765070803463,-0.0091101620346307
3.156549560546875,0.0381657722651958,0.0527202211879193,0.068710548132658,-0.0139369703829288,-0.0024358013179153,-0.007083267904818
3.176601318359375,0.056544857509993,0.1089598486736416,-0.0897282017201185,0.0084766866639256,0.0116697466000914,0.0054702442139387
3.1966533203125,0.0395536829596385,0.0888659588675945,0.0037438627034425,0.005811751820147,0.0143676437437534,0.0140210259705781
3.21670556640625,-0.0543512929884716,0.0088196315977722,0.2221440370440483,-0.02524359151721,-0.0043791877105832,0.0027889567427337
3.236757568359375,-0.0342590836828574,0.0374278133794665,0.1949777976989746,-0.0382704809308052,-0.0090829357504844,-0.0021057832054793
3.2568095703125,-0.0706597094390541,0.0215793791234493,-0.1197486614525318,-0.0013851574622094,0.0184833295643329,-0.0123235713690519
3.2768623046875,0.0050641880543902,-0.0255588772136718,-0.1563216115683317,0.0160821378231048,0.0113769890740513,-0.0103284073993563
3.29691455078125,-0.0095019147735089,-0.0160093239061534,0.0281312849849462,0.0064687840640544,0.002925103995949,-0.0144877126440405
3.316966552734375,-0.0157226889844983,0.0063916737984865,0.1778092207551002,-0.0147513914853334,-0.0039254962466657,-0.0126158725470304
3.337018310546875,0.1348018536776304,0.05327843959257,0.1211298866778612,-0.0066027957946062,-0.0192689206451177,0.0203325301408767
3.3570703125,0.081394380877912,0.0141335931621491,-0.1107628064423799,0.0156515277922153,0.0073016677051782,0.0057226363569498
3.377122314453125,0.0135705524519085,-0.0465214396130293,0.0965209306001663,-0.0095699103549122,-0.0104701416566967,0.0034958361648023
3.39717431640625,-0.0013483458690345,-0.0230810158580541,0.121624392196536,-0.0032921570818871,-0.0057633053511381,0.0087065184488892
3.4172265625,0.0068195803543552,0.003599851122871,-0.0218698865026235,0.0043331221677362,0.0016469750553369,0.0141684543341398
3.437278564453125,-0.0738710361683741,-0.0601711217157542,0.039728199276328,0.0017608653288334,-0.0091616157442331,0.0011889110319316
3.45733056640625,-0.0609758622273802,0.0044002077203243,0.0572030656903982,0.0004663884174078,0.0076610781252384,-0.0030423959251493
3.477382568359375,-0.0306557254286482,-0.0098933252438902,0.1657248152077197,-0.0182652045041322,-0.0074762953445315,-0.0128221306949853
3.497434326171875,0.0285412540253251,-0.0102868546061217,0.036811435046792,0.0013967589475214,-0.0012377589009702,-0.0066466825082898
3.5174873046875,0.0935061128236353,0.0045545214992016,-0.1462900468975305,0.0195757281035184,0.0018025785684585,0.0068420795723795
3.537539306640625,0.0889945902159437,-0.018906871978566,-0.0036953473865985,0.0223910380154848,-0.0054593659006059,0.0114564802497625
3.55759130859375,-0.0177652276627719,-0.0365650590702891,0.1831990970999002,-0.0044918847270309,-0.0124609684571623,0.0061060949228703
3.577643310546875,-0.021553988953866,0.0297865048460662,0.2050643074274063,-0.0151718817651271,-0.0078080059029161,0.0104046631604433
3.5976953125,-0.0546481205105781,0.0035736937683075,-0.0073071081429719,0.0027941630687564,0.0070603461936116,0.002351417671889
3.61774755859375,0.0531095127664506,0.0134768097538501,0.0002694645911455,0.0093971006572246,-0.0027857017703354,0.0115626435726881
3.637799560546875,0.0310574380973353,-0.0139611592046916,0.1053179850399494,-0.0038635635282844,-0.0151433404535055,0.0137501079589128
3.6578515625,0.0061051850073039,0.0032465076405555,0.1239122108727693,-0.0152758136391639,-0.0119580142199993,0.0124382562935352
3.6779033203125,-0.0095464845675975,0.0069554451610893,0.0259673849493265,-0.0146376341581344,-0.0027468993794173,0.0118195284157991
3.697955322265625,0.0135650725591927,0.0222241067677736,-0.0872211873352527,0.0075682187452912,-0.0071131861768662,0.0123920477926731
3.718007568359375,-0.0115035734521225,9.11123495548e-05,0.028653847554326,-0.0017462689429521,-0.0086527224630117,0.0121449641883373
3.7380595703125,-0.0225276928242295,0.0273185803625732,0.0639215602904558,-0.0060714320279657,-0.0014212876558303,0.0054838266223669
3.7581123046875,-0.043258711490035,-0.0040374388225376,0.1744318532764911,-0.019784927368164,-0.0111172869801521,0.0016257623210549
3.778164306640625,-0.0686475658990442,-0.0188452779844403,0.0854319658309221,-0.0207069925963878,-0.0038906862027943,-0.0103171449154615
3.79821630859375,-0.0235076803049072,-0.0019531068291515,-0.0565080691635608,-0.0064277499914169,0.0073809530586004,-0.0101298103109002
3.8182685546875,0.0089577979594469,-0.003478562830761,-0.0374877268731594,0.0095654306933283,0.0064973141998052,-0.0069695697166025
3.838320556640625,0.0506989444933831,-0.0182399325024336,0.1105360119491815,0.004786835052073,0.0007222113199532,-0.007571367546916
3.858372314453125,0.0276905920127406,-0.0105551501534879,0.0984936919778585,-0.0006255165208131,0.0038291714154183,-0.0064432150684297
3.87842431640625,0.0601536591242998,-0.0179833273928612,0.1321948860496282,-0.0135989161208271,0.0036143660545349,0.010698527097702
3.898476318359375,0.0385253262925893,-0.0314032923929393,0.0448532872051,-0.0108680380508303,-0.002547045238316,0.0073205521330237
3.918528564453125,-0.0569390809919685,-0.0444432450994849,0.0413134226411581,-0.0051397327333688,0.0021965354681015,-0.0082583297044038
3.93858056640625,-0.0914540025994181,-0.0259390356376767,0.0055558805614709,0.0030360685195773,-0.0038020415231585,-0.0156247485429048
3.958632568359375,-0.0138783032268285,0.0186783969849348,0.0834808317631483,-0.006454381160438,-0.0066685532219707,-0.0111737698316574
3.9786845703125,0.0334556218128651,0.0494544243250042,-0.0196586401939392,-0.0033539377618581,0.0047394786961376,-0.0031520249322056
3.998736328125,0.0845439674826338,0.0211119808074086,-0.0565577535241842,-0.0001100185327231,-0.0131512582302093,0.0074567161500453
4.01878857421875,0.0429524950850754,-0.0037347295489162,0.0540367106139659,0.0029499446973204,-0.0085209710523486,0.0141002759337425
4.03884130859375,-0.0554419377693906,-0.0148946406625211,0.024183424142003,0.0105709675699472,0.002142434939742,0.000535505823791
4.058893310546875,-0.0654521673912182,-0.0323706030551344,0.108837975859642,0.010258050635457,0.0139126162976026,-0.0098894573748111
4.0789453125,0.0132961924899369,-0.033738749603182,0.1249725335806608,-0.0057411603629589,0.0101481638848781,-0.0034762800205498
4.098998046875,0.0596482668854296,-0.0201959619410336,0.1196621522128582,-0.0170123577117919,-0.0075272400863468,0.0020477827638387
4.119050048828125,0.027414515017718,-0.0222865044794976,0.095555300438404,-0.0212335884571075,-0.0140182692557573,0.0069109397009015
4.13910205078125,0.0054514703389257,-0.0222753254983574,-0.0697141722172498,-0.0008263865020126,-0.0004404126666486,0.0067104063928127
4.159154296875,-0.0350583443017676,-0.0756191584773361,-0.1265729545146227,0.0237859208136796,3.79681587219e-05,0.0020406665280461
4.179206298828125,-0.0050788741668686,-0.030957521386817,-0.0777419958502054,0.029282609000802,0.0103591606020927,-0.0054025631397962
4.199258056640625,-0.0274928774835541,-0.0186546507831662,0.246454886958003,0.0037547831889241,0.0031748283654451,-0.0064735729247331
4.21931005859375,-0.011347469574958,-0.0023230361200869,0.3055015346884727,-0.032869815826416,-0.0106013212352991,-0.0108714802190661
4.239362060546875,0.0665465019665658,0.0734180682364851,0.0926706849128007,-0.0274407099932432,0.0048599657602608,0.0084743099287152
4.2594140625,0.0451230440571904,0.0416278954178094,-0.1525368323326111,0.0064411908388137,0.0107948184013366,0.0073820152319967
4.279466064453125,0.0731027552096173,0.0128706605542451,-0.0977145242989063,0.0164483785629272,0.0007546250708401,0.0167157500982284
4.29951806640625,-0.0604313435545191,-0.0524384816370904,0.13963292709589,-0.0030591720715165,0.0004162094555795,0.0099394507706165
4.319571044921875,-0.0788704153582453,-0.0499712147407233,0.1553466290563344,-0.0175821240991354,-0.008619699627161,0.0025412063114345
4.339623046875,-0.0340414954094216,-0.0188842948205769,0.0825976191878318,-0.0060140397399663,-0.0047712093219161,-0.0070919012650847
4.35967529296875,0.0748102897798642,0.0647607145283371,-0.1314233171552419,0.0208326429128646,0.0154206547886133,0.0018168264068663
4.37972705078125,0.0671472808713093,0.0592419511068612,-0.0645540129750967,0.0301266983151435,0.0062523069791495,0.0091619938611984
4.399779052734375,0.0590802577391266,0.0358521615605801,0.1421989781916141,0.0051681995391845,-0.0153664769604802,0.0209662672132253
4.4198310546875,-0.0402004929631948,-0.0333284883018583,0.2579763979256153,-0.0263360403478145,-0.0361565947532653,0.0134677737951278
4.439883056640625,-0.0188170382706448,-0.016163418489322,0.0618967764645814,-0.0114774238318204,-0.026003947481513,0.0209494922310113
4.459935302734375,0.0048623453393578,-0.0060218175727874,-0.2152209597826004,0.0188502892851829,0.0088672218844294,0.0009902962483465
4.4799873046875,-0.0354092400986701,-0.0278589708495885,0.005665770676732,0.0151604562997818,-0.0014595622196793,-0.0018245717510581
4.5000390625,0.0292458586307242,0.0167056356072425,0.210044433927536,-0.0130140725523233,-0.0183176063001155,0.0019417307339608
4.520091064453125,-0.013679200458154,0.0200437670540064,0.092530399659276,-0.0081498306244611,-0.0082933101803064,-0.0010289326310157
4.540142822265625,0.0464412139836698,0.0203462571319192,0.0709983668088913,-0.0083524752408266,-0.0067586880177259,0.0077823097817599
4.56019482421875,0.0257492852192372,0.0238766232151538,-0.0796253253787755,0.0100096724927425,0.0013381568714976,0.0036997417919337
4.5802470703125,-0.0379239628659561,-0.0501123767770826,0.0926519802123308,-0.0057250228710472,-0.0127889923751354,-0.0068844249472022
4.600299072265625,-0.0340317046677693,-0.0274512668315321,0.1497819806665182,-0.0234150700271129,-0.0068639917299151,-0.0074492814019322
4.62035107421875,0.0274774241860955,0.0310052329860627,0.0682867697626352,-0.0147282592952251,0.0002617849968373,0.0046471408568322
4.640403076171875,0.0202929195094853,0.0363720937814563,-0.0209422502636909,-0.0079309102147817,-0.0021630953997373,-0.0052245138213038
4.660456298828125,-0.0538307762457057,-0.0339683205753564,0.1008043070077896,-0.0279665756970644,-0.015665665268898,-0.0141331665217876
4.68050830078125,-0.1038071055529639,0.0042761429492384,0.0548696543067693,-0.0244610477238893,-0.0230102483183145,-0.0232686456292867
4.700560302734375,-0.0032616686770692,0.0262189485576003,0.2147305459171533,-0.042677141726017,-0.0170949157327413,-0.0103727988898754
4.720612060546875,0.0097050361301749,0.0286745250161737,-0.1154243685126304,-0.0155284665524959,-0.0074301431886851,-0.0124487755820155
4.7406640625,0.0150318206435069,0.0131672323480248,-0.0318845000386238,-0.0178404375910758,-0.0093015106394886,-0.0235269349068403
4.760716064453125,0.0225230897143483,0.0033432460132986,0.0360492185026407,-0.0151418298482894,-0.0128678334876894,-0.0138629674911499
4.78076806640625,0.0707819110466167,0.0031768764704465,0.0805389330923557,-0.0128427539020776,-0.0117588844150304,0.0013467413373291
4.800820068359375,0.044264454466477,-0.032100846203044,0.091073771110177,-0.0116680208593606,0.0004271673969924,-0.0118548702448606
4.8208720703125,0.0639101621136069,-0.0389518080763518,0.0154418992817401,-0.0110551239922642,0.0015777242369949,-0.009047782048583
4.840924072265625,0.1083321452293545,0.0168137721568346,-0.152076229083538,0.0182648636400699,-0.0019904181826859,0.0046507958322763
4.860975830078125,0.0405982966417446,-0.0269981893017888,0.0477297194242477,-6.77877105772e-05,-0.0188884101808071,0.0058462158776819
4.881028076171875,-0.0317638693336397,-0.0058271717835217,0.0761018274277448,0.0044309818185865,-0.0175399295985698,0.0031957402825355
4.901080078125,-0.0927807211585342,0.0184175540916621,0.0285579859644174,0.0106155276298522,-0.0036064921878278,-0.0094415713101625
4.921132080078125,-0.033079920368269,0.0508381337683647,0.0663654463112354,0.0074398978613317,0.0106154317036271,-0.0049743456766009
4.94118408203125,0.0311963716439902,0.0459833872135728,0.1245516778200864,-0.0032954849302768,-0.0099792871624231,-0.0063925548456609
4.961236083984375,0.0338369492806494,0.0392561247851699,0.0780810185462236,-0.005897045135498,0.0012451019138097,-0.0058133751153945
4.981288330078125,0.0003994841789826,0.0547334607064723,-0.0622001433253288,0.0076272124424576,-0.0051550879143178,-0.0016684106085449
5.00134033203125,0.0250728472623974,0.0628073885034769,-0.0184077633500099,0.012867609038949,-0.0030094569083303,0.0028508608229458
5.02139208984375,-0.0167681063842028,0.0144980425603687,-0.0010100538253784,0.0186795704066753,0.00283581065014,-0.0020520607940852
5.04144482421875,-0.0428908280257135,0.0082385437741875,0.1091898580372333,0.0078703416511416,-8.04672017693e-05,-0.0083970800042152
5.061496826171875,-0.0716354956686496,0.0088099869865924,0.2211263844341039,-0.0142778372392058,-0.0143853705376386,-0.0109401326626539
5.081549072265625,-0.0073482804035767,0.0499425001028925,0.0759837540060281,-0.0060330294072628,-0.0089968116953969,-0.0098625961691141
5.10160107421875,0.0045478360300883,0.1003051253139972,-0.09076981972754,0.0164517685770988,0.0056776646524667,-0.0061477343551814
5.121653076171875,0.0370106108807027,0.0742943396143615,-0.0580377629488706,0.0154629414901137,-0.0084940064698457,-0.0029631445650011
5.141705078125,-0.0027589067867025,0.0472310491871088,0.1417763688653707,0.0003505633212625,-0.0140222702175378,-0.0052670268341898
5.161757080078125,-0.049291817641817,0.0480382008515298,0.0654646980792284,-0.0005914871580898,-0.0116883907467126,-0.0074017220176756
5.181809326171875,-0.064032181058079,0.0509441514261066,0.0443009140193462,0.0014400715008378,0.0038697933778166,-0.0104210786521434
5.201861083984375,-0.0570452447801828,0.0376164678193628,0.0572714547514915,-0.0029664763715118,0.006335649639368,-0.0160797052085399
5.2219130859375,-0.0159087496085092,0.0581580283276736,0.037409985461831,0.0041502304375171,0.0128959529101848,-0.0179649889469146
5.241965087890625,-0.015691051737219,0.0221917388681322,-0.0182464353084564,-0.0060769938863813,-0.0158891808241605,-0.0201686695218086
5.26201708984375,0.0571347862271592,0.0612871931988745,0.0841232213199138,0.000722087919712,-0.0128577128052711,0.0008310237899422
5.282069091796875,0.0430333783015608,0.0935143691953271,-0.0518254643052816,0.0143034812062978,0.0062811751849949,0.0015492578968405
5.302121337890625,-0.0180338154710829,-0.0085118808228522,0.0732628046095371,0.0061907176859676,-0.0084252255037426,-0.0085106585174798
5.322173095703125,-0.0666729413578286,-0.021725874922052,0.0406955830037593,0.0089672347530722,0.0066363592632114,-0.010691674426198
5.342224853515625,-0.0140459514113143,-0.018511442920193,0.2002934397637844,-0.012424873188138,-0.007601698860526,-0.0124283218756318
5.36227685546875,-0.0170406397152692,-0.0144857676006853,0.1072182657033204,-0.0073786973953247,0.0056888377293944,-0.0078360401093959
5.382328857421875,0.1015770449459552,0.0191141580536961,-0.127279056957364,0.0178979691118001,0.0108192358165979,0.0063532604835927
5.402381103515625,0.0806832369338721,0.008969269201532,-0.1426806242287158,0.0307420380413532,-0.0089673679322004,0.0049352217465639
5.42243310546875,-0.0050294820671901,-0.0191592393044382,0.1448345873922109,0.0202240590006113,-0.0108721740543842,0.0094616264104843
5.442485107421875,-0.0124049792712554,-0.0080343264389783,0.0867325270354747,0.0150145599618554,-0.0045166532509028,0.00240647373721
5.462537109375,-0.0408515772830694,-0.0748058693330735,0.0760112265348434,0.0130007043480873,-0.0116713223978877,-0.0021545649506151
5.48259033203125,0.0050412821028381,-0.0453106025185435,-0.0406879842191934,0.0265173763036727,-0.0129875224083662,-0.0043415380641818
5.502642333984375,0.0257722642360255,-0.0575002220060676,0.0688479107767343,0.0221949703991413,-0.0140244793146848,-0.0021605626679956
5.522694091796875,0.0213593796972185,0.0207491388443857,0.0899672711730003,0.0252280570566654,0.018794409930706,0.0138529697433114
5.54274609375,0.0751472301166504,-0.0124001204330474,0.142723294326663,-0.0009549045935273,-0.0053334841504693,0.0124780926853418
5.562798095703125,0.0677367711970582,-0.0175325148854404,0.0810778622746467,0.0062351198866963,-0.0136312562972307,0.0191585421562194
5.582849853515625,0.0031607290532439,0.0060655836492776,-0.062078562772274,0.0155465062707662,-0.002535575069487,0.0150786731392145
5.602902099609375,-0.0311111045133322,-0.0720168231364339,0.0351204132199287,0.0142485620453953,-0.0150031987577676,0.0095016900449991
5.6229541015625,-0.0841123345997184,-0.0277956963550299,-0.068359834998846,0.032522190362215,0.0078304428607225,0.0066909315064549
5.643006103515625,0.0077779039924964,-0.0611005845855921,0.0919476313352584,0.0079079326242208,-0.0049400650896131,-0.0010240168776363
5.66305810546875,0.0303275894528254,0.0019621669184416,0.1541974590212106,0.0045003416016697,-0.0118066510185599,0.0052091525867581
5.68310986328125,0.0403980613619089,0.0652125499490648,0.1343091017246246,-4.8424117267e-06,-0.0099714267998933,0.0071728904731571
5.703162109375,0.0330649419948458,0.0334919352352619,-0.0548643936097621,0.0115190800279378,0.0072034215554594,0.0087365992367267
5.723214111328125,0.0551832503005862,0.0193077078644186,-0.0898532894045114,0.033165868371725,0.0071243648417294,0.0142122488468885
5.74326611328125,0.0080451766265556,-0.0307294847846031,0.0851665928930044,0.020794590935111,-0.0087025323882699,0.0186468102037906
5.763318115234375,-0.0175728468958288,-0.067997650622949,0.2449111646473407,-0.0074537396430969,-0.0205005630850791,0.0142623707652091
5.7833701171875,0.0223787493402138,-0.0152502491671591,0.1789414396554231,-0.0099189057946205,0.0005286582745611,0.0201535932719707
5.803422119140625,0.0241142313633114,-0.008638649007678,-0.0162806881934404,0.0005396613851189,0.0120934415608644,0.0165956057608127
5.82347412109375,0.022861600953713,-0.0304735372621566,-0.0303437003374099,0.0022704540751874,-0.0007935184985399,0.0126029755920171
5.843526123046875,0.0175009141707792,-0.0223133924864232,-0.050222705283761,0.0179511699825525,0.0010252580977976,0.010087264701724
5.863578125,0.0161199446737766,-0.0221820942569524,0.0438829808682203,0.0106783919036388,-0.0073181819170713,0.0128921754658222
5.883630126953125,-0.0089100863602012,-0.0362803969100117,0.0906190130800008,0.0089788576588034,-0.0012217508628964,0.0080712074413895
5.90368212890625,-0.0475889592466875,-0.0797407684519886,0.118884738099575,0.0019690024200826,-0.0078458050265908,-0.0036301279906183
5.923734130859375,-0.0528432630456984,-0.0418650651745498,0.0988245313674211,0.0002314657904207,0.0080006895586848,-0.013026462867856
5.9437861328125,0.0011681304639205,-0.0106472854163497,-0.0355249023675918,0.0122921010479331,0.0168915465474128,-0.0032738770823925
5.963838134765625,0.0511576845789328,-0.026228885429725,0.1125678100377321,-0.0071647777222096,-0.0036511260550469,-0.0063939420506358
5.983889892578125,0.0090373660016804,-0.0266941648539155,0.041173721909523,0.0023492746986448,0.0107255699113011,-0.0117649100720882
6.00394189453125,0.0673875193679705,0.01185205809623,-0.0312689984887838,0.0188339762389659,0.013858244754374,0.0029778173193335
6.023993896484375,-0.0068443860020488,-0.0380327204700559,0.09476093519032,0.0024616690352559,-0.0063534001819789,-0.0095156412571668
6.044046142578125,-0.0931615006370469,-0.036014658645913,0.1882803458869457,-0.0052731484174728,0.0102801769971847,-0.0196457765996456
6.06409912109375,-0.0555210674202069,0.0152187580503523,-0.0931330417275428,0.0155226234346628,0.0274271573871374,-0.031849231570959
6.084151123046875,0.007031615669839,-0.0599196311727166,0.1969821232587099,-0.014370709657669,0.0014885240234434,-0.0163722075521945
6.104203125,0.0757141067517921,0.0580810175687074,-0.0034247137516736,0.0065703080035746,0.0164035372436046,-0.0011726799421012
6.124255126953125,0.0414800844449549,-0.0294650178067386,0.0661252078145742,-0.005159038119018,0.0061860112473368,-0.0070625809021294
6.14430712890625,-0.0568382874986156,-0.0296130479753017,0.0455225647687912,-0.0067466348409652,0.0060200565494596,-0.0177183449268341
6.16435888671875,-0.0070441828904673,-0.0289629135034978,0.0425303972154855,-0.0099395345896482,-0.0057341339997947,-0.0174878351390361
6.184410888671875,0.0325357670215889,0.0038283261165022,-0.1055792663246393,0.0102765578776597,-0.0060826786793768,-0.0095853172242641
6.204462890625,0.0405117143368348,-0.0070590516660362,-0.095534842172265,0.027820911258459,-0.0003545163199305,-0.0012277120258659
6.224514892578125,0.0104991821825504,-0.0013374591488391,0.088296707612276,0.0195857230573892,-0.0042599719017744,0.0009109233506023
6.24456689453125,-0.0595713291916996,-0.0281478707935661,0.2355044538766145,-0.0106254518032073,-0.0074220914393663,-0.0076036993414163
6.264618896484375,-0.0155329750986769,-0.0219651635706424,0.2033446440279483,-0.0257627703249454,-0.0055497759021818,-0.0080738421529531
6.284671142578125,0.0530980780569836,0.0102007106926292,0.0516436779975891,-0.0177264772355556,-0.0057585034519433,0.0025566844269633
6.304722900390625,0.1153387360557913,0.0142672294791787,-0.1381821437656879,0.0125479530543088,0.0015635667368769,0.0128540005534887
6.32477490234375,0.0970788567438721,-0.0018927549440413,-0.1676122363895177,0.0292713921517133,-0.0079862382262945,0.023351177573204
6.344826904296875,0.0126182566957548,-0.0409524803742766,0.1085965683192014,0.0144336130470037,-0.0227666795253753,0.022525243461132
6.36487890625,-0.0221314965808764,-0.0272243262078613,0.1573012702554464,-0.0032652646768838,-0.0122734233736991,0.0148302000015974
6.384930908203125,-0.0992572967614978,-0.0255582196265459,0.1176759468317031,-0.0086334161460399,0.0030445158481597,0.0002145790494978
6.404983154296875,-0.0427240200914442,-0.04247304100506,0.0569751021534204,-0.0070072673261165,-0.0069361082278192,-0.008527603931725
6.42503515625,-0.0216017736183479,-0.0177055333647876,0.0031412206351757,-0.0065416567958891,-0.0097099440172314,-0.0078981276601552
6.445087158203125,0.1198650178411975,0.0413399453219026,0.0005950432837009,0.0071468777023255,-0.013512622565031,0.0141463726758956
6.465138916015625,0.1072478936566039,0.0421694549486041,-0.0178939686089754,0.019064012914896,0.0011748149991035,0.0208987295627594
6.48519091796875,0.0517809675764292,0.0404431426126509,-0.0196118784427642,0.0330675467848777,0.0093384627252817,0.0157746747136116
6.505242919921875,-0.0232590758386999,-0.0166097009520977,0.1850041006952524,0.0024341754615306,-0.0045868605375289,0.0148173803463578
6.525294921875,-0.0791883222009986,0.0233304605744779,0.2007148800462484,-0.0166295804083347,-0.0075139245018363,0.0020876713097095
6.545346923828125,-0.0534836798410862,0.0408582262195646,0.1598462785631418,-0.0142750432714819,0.0040253140032291,0.0039035351946949
6.56539892578125,-0.0257219222882762,0.0637932577356696,-0.0212795193940401,-0.0029069473966956,0.0242079831659793,-0.0008832029998302
6.585450927734375,0.024604499098286,0.0096609777927398,-0.0067950669676065,-0.0053501497022807,-0.0009131086990237,-0.0029822345823049
6.605502685546875,0.0077771733401343,0.0302113791946321,-0.0552402411848306,0.0120651274919509,0.0003947792574763,-0.0048555065877735
6.625554931640625,-0.0009027940586209,0.0253309867419302,0.0544470449805259,0.0050128465518355,-0.0029572835192084,-0.0038894559256732
6.64560693359375,0.0033397754145786,0.0431491136357188,0.0829483323216438,0.0021636886522173,0.0145760290324687,0.0064035621471703
6.665658935546875,0.0147182977149263,0.0216321322239935,0.0673059420317411,-0.0055760852992534,0.0024669808335602,0.0032100123353302
6.6857109375,-0.0382511489937081,-0.0214319334767758,0.2053396172374486,-0.023913437500596,0.0022186497226357,-0.0052827093750238
6.705762939453125,-0.065814972821623,0.028726985855773,-0.0013876549661159,-0.0140198674052953,0.0122142080217599,-0.0097480081021785
6.725815185546875,-0.008784560284391,0.0076860975231975,0.0876022956073284,-0.0245120581239461,-0.0011940626427531,-0.0079780630767345
6.7458671875,0.0505999045656994,0.0397774452455341,-0.0426087231487035,-0.0025606960989534,0.0044937683269381,0.0046629337593913
6.7659189453125,0.030395357459411,0.0059640960361808,-0.0450111081153154,0.004222135990858,0.0103592928498983,0.0048862644471228
6.785970947265625,-0.0592139671213924,-0.0508550118379294,0.0842336959570646,-0.0040833018720149,-0.0003799735568463,-0.008557491004467
6.80602294921875,-0.0968438058789819,-0.0503643057115376,0.1521802739799022,-0.0177175085991621,-0.0060048853047192,-0.0170177388936281
6.8260751953125,-0.0008004296626895,-0.0150493197675794,0.098391985169053,-0.0154085336253046,0.0042365211993455,-0.0046154516749084
6.846126953125,0.002955927196145,-0.0076588441900908,0.0259954420000314,-0.0140037396922707,0.0009447527118027,-0.0102649917826056
6.866178955078125,0.0350719709683209,-0.0007539601724594,0.0048632221221923,-0.0047357766889035,-0.0055254669860005,-0.0083497632294893
6.88623095703125,0.0039056291364133,0.0128459645044058,-0.1086012444943189,0.0102644152939319,0.0127742420881986,-0.0082501750439405
6.90628271484375,0.0236165475068613,-0.0157389094669371,0.0167722711026668,-0.0013440513284876,-0.006140814628452,-0.0056977476924657
6.926334716796875,0.0305445566717535,-0.0041050972312688,0.1304436584681272,-0.012861075811088,-0.017946908250451,0.0023401463404297
6.946386962890625,-0.0587906271427869,-0.048699879630655,0.1123760868579149,-0.0176706463098526,-0.0114746326580643,-0.0075754653662443
6.96643994140625,-0.0062127735676243,-0.0023858722232282,-0.0212953014850616,0.0018540529999881,-0.005630858708173,0.0018414719961583
6.986491943359375,0.0048685193518176,-0.0371726695746183,-0.0053010290175676,0.0073619759641587,0.0051731411367654,-0.012274770066142
7.0065439453125,0.0352284036390483,-0.0397207466222345,0.0509907670468091,0.0086464826017618,-0.0059421272017061,-0.0036285375244915
7.02659619140625,0.0636281303018331,-0.0556575898140668,0.1585305197894573,-0.0123108495026826,-0.0037210716400295,-0.0011049909517168
7.046648193359375,0.0810960189858451,0.0172060594100505,-0.0597878214865922,0.00967220030725,0.0053901788778603,0.0107240267097949
7.0667001953125,0.044332039809972,-0.0256849878113716,-0.0092927290022373,0.0121767185628414,-0.0053991200402379,0.0060658319853246
7.086751708984375,-0.0443890672268345,-0.0434949313987046,0.0272486569315195,0.0147463250905275,0.0036370945163071,0.0001744283363223
7.1068037109375,-0.021023389208503,-0.0164323716238141,0.0625496874153614,0.007485844194889,-0.0024845269508659,-0.0045480020344257
7.12685546875,-0.0414456707186996,0.0083859163556247,0.0620481676340103,0.0107303597033023,0.0143783874809741,-0.0018720035441219
7.146907470703125,0.0499933535072952,-0.0051625703949481,0.0368535206228494,0.0055928509682416,-0.0039876447990536,-0.0019145964179188
7.16695947265625,0.050716224421747,-0.0064697805359959,0.123972416627407,-0.0004068757407367,-0.0046101482585072,-0.0017818710766732
7.18701171875,0.0425114367866888,0.0465455511409789,-0.0517711037695407,0.0203295350074768,0.0071677700616419,0.0033046081662178
7.207063720703125,0.0569919071577489,0.0195803873259574,0.0160696757912635,0.0237495079636573,-0.0011384910903871,0.0120759643614292
7.227115478515625,0.0165405081734061,-0.0144453625250607,0.1913672059863805,-0.004265796393156,-0.0092067644000053,0.0054499427787959
7.24716748046875,-0.0190888409493491,0.0403780414871871,0.1424076525062322,-0.0119457300752401,0.0024683810770511,0.0039265193045139
7.267219482421875,-0.0195567141894251,0.0364035848982632,0.0580231499016284,-0.0054028667509555,0.0120790777727961,-0.0015018370468169
7.287271728515625,-0.0135293801913037,0.0061862143542617,0.0128986445397138,-0.005519616883248,0.0004143635742366,-0.0021325917914509
7.30732373046875,0.0088034111153334,-0.0001191694002598,-0.024810031607747,0.0115198967978358,0.0107422601431608,0.0057617761194705
7.327375732421875,0.0365333487577736,0.0369109498985111,-0.0744599054396152,0.0135890953242778,0.0048679676838219,0.0064608962275087
7.347427734375,-0.0395737393669784,-0.0243128226753324,0.1686784043163061,-0.0064258049242198,-0.001304134260863,-0.0011845829430967
7.367479736328125,0.007246135203354,0.0102944533906877,0.0927864202469587,-0.012021305039525,-0.0041166897863149,1.46345701068e-05
7.387531494140625,-0.0446979505129158,0.0232519885107874,0.0040630116552114,0.0004230239428579,0.0042263478972017,-0.0075632957741618
7.407583740234375,-0.013537453899905,0.0134690648388117,-0.0047480713099241,0.0057989037595689,0.0047921077348291,-0.0045377691276371
7.4276357421875,0.0126677583932876,0.0309418123610317,0.0852981103181838,-0.0016807513311505,0.0032485336996614,-0.0021700835786759
7.447687744140625,-0.0026184754027053,-0.0016940175015479,0.1070873328000307,-0.0125999692827463,-0.0043948576785624,-0.0009850126225501
7.467739501953125,0.0075916241727769,-0.0013446195419877,0.0178361009418964,0.0030121714808046,0.0001451577991247,-0.0002809723373502
7.48779150390625,-0.0048299043744802,-0.0183596133593469,-0.0078957216858863,0.007106433622539,-0.0017563048750162,0.0002093743532896
7.50784375,-0.0063010729055851,-0.01917443687357,0.069504913380742,0.0036748796701431,-0.0071381065063178,-0.0038356783334165
7.5278955078125,-0.0085488152997568,-0.0193492819838225,0.0819604903280735,-0.0007167591247707,-0.0098756086081266,-0.0047256303951144
7.547947509765625,-0.0202427236922085,-0.0166679339453578,0.100475221183896,-0.0048847962170839,-0.0077965869568288,-0.0103441420942544
7.56799951171875,-0.0372616995649412,0.0336616657789796,0.0038023148924112,4.65521588921e-05,-0.0033761826343834,-0.0092135220766067
7.588051513671875,0.026750826944597,0.0297469765532761,0.0876110634356737,-0.0085347304120659,-0.0096875168383121,-0.0016222663689404
7.608103515625,0.0232066149991005,0.026119360640645,-0.0370031582266092,0.0026088785380125,-0.0059551922604441,-0.0038132946938276
7.62815576171875,0.0143172061007469,0.0096221801523119,0.0114589671254158,0.0072677265852689,-0.0073267593979835,0.0015029842033982
7.648207763671875,-0.0147709777502343,-0.0048442982260137,0.1360246734708547,-0.0075518796220421,-0.0134021900594234,-0.0043587097898125
7.668259765625,-0.0241827665548771,0.0041674949429929,0.1337888772428035,-0.0117966867983341,-0.0167960487306118,-0.0077974018640816
7.6883115234375,0.0522757288234308,-0.0067204673614352,0.0175602066099643,-0.0024549369700253,-0.0110511165112257,-0.001269118161872
7.708363525390625,0.0171200616270303,0.0144202280838042,-0.1529606107026338,0.0170525461435318,-0.0046968939714133,-0.0023757740855216
7.728415771484375,0.0036707609346136,-0.0235625888299196,0.0420481666564941,0.0149596314877271,-0.0141690224409103,-0.0031944166403263
7.7484677734375,0.0145367306029424,-0.0060860419154167,0.1787497164756059,-0.0083861574530601,0.0023651686497032,-0.0137962475419044
7.768519775390625,-0.0467548830427229,-0.0013218231882899,0.1498299114614725,-0.016700180247426,-0.0099056176841259,-0.0149444676935672
7.78857177734375,0.096981424251385,-0.0007938537914305,0.1208791267871856,-0.0146357081830501,-0.0084114652127027,0.003778921905905
7.80862353515625,0.106277514254488,-0.0038427199680358,-0.0310398659080266,-0.0124703682959079,-0.0025369566865265,0.0106760170310735
7.82867529296875,0.0435915601735934,-0.0268300661932677,-0.157203070577979,0.0205371435731649,-0.0051818341016769,0.0110639333724975
7.8487275390625,-0.0371149115053936,-0.0718801180794835,-0.0007183774024248,0.0150435389950871,-0.0066924346610903,0.003237578086555
7.868779541015625,-0.027138986011967,-0.0421140714995563,0.1815589286774396,-0.0084165036678314,-0.010120840743184,0.005136908032
7.88883154296875,-0.0023592399446293,0.0128757020555436,0.2203717666745185,-0.0314025096595287,-0.0068773031234741,-0.002059502992779
7.908883544921875,-0.0139062506796792,-0.0099962010964751,-0.0304822320252656,-0.0084414379671216,0.0002550953067839,-0.0120054576545953
7.928935546875,0.0123267629358917,0.0080542732484638,-0.1327893448114395,0.0154749890789389,0.0021301135420799,-0.0053527862764894
7.94898779296875,0.0766933270474895,-0.0077069211155176,0.0854039087802171,0.0014549402985721,-0.0094088986515998,0.0035716155543923
7.969039794921875,0.0035552447961643,-0.018118425014615,0.1193237140387296,-0.0049726846627891,0.0013707391917705,-0.0009175988379865
7.989091552734375,-0.0041256285626441,-0.0156431209422647,0.0021387655943632,0.0081184767186641,0.0057278387248516,0.0003500948660075
8.0091435546875,-0.0194255255578085,-0.0042362493302673,0.0388332962632179,0.006156412884593,0.0157672092318534,-0.0024915807880461
8.029195556640625,-0.0060184200393036,-0.0066143035732209,0.0975543653011321,-0.0061000771820545,0.0093965483829379,-0.0068492162972688
8.049247802734374,0.0454117978706955,0.0552049506757408,0.064963762819767,0.0036551719531416,0.0244248807430267,-0.005172318778932
8.0692998046875,0.0014451938396319,0.0394992128260433,-0.0186292971462011,-0.0066716237924993,0.0562860444188118,-0.0153459059074521
8.089351806640625,-0.0067037719549611,-0.0207638249568641,-0.1653869615554809,0.0269557498395442,-0.0043260930106043,-0.0053126001730561
8.109404052734375,-0.043235842071101,-0.0549875085327774,0.2241355031222104,-0.0125156547874212,-0.0091814985498785,-0.0286247283220291
8.1294560546875,-0.0900238236658275,-0.0267262404926121,0.1015098249286413,-0.0212094374001026,0.0133636333048343,-0.0180654637515544
8.1495078125,0.0868130449257791,0.0624452771928161,-0.0392699341148138,0.018373655155301,-0.006552624516189,0.0037319958209991
8.16956005859375,0.0151319200171157,-0.0176645437672734,-0.031344986334443,0.0198195073753595,-0.0105374120175838,-0.0365436114370822
8.189612060546875,-0.1128676697671413,-0.0712846364043653,0.0632838469088077,-0.0145105207338929,0.0273295156657695,-0.058374535292387
8.2096640625,0.0006039937751367,0.0003828618377447,-0.0280932910621166,0.0171238109469413,-0.0253674257546663,-0.0145478509366512
8.229716064453125,0.0337913931058719,-0.0015648381639271,0.0735860452145338,0.0172779411077499,-0.0237189400941133,0.0003208480775356
8.24976806640625,-0.0181613508408889,-0.0293515474949032,0.1004606081366538,0.0009754044003784,-0.015791967511177,-0.0056433188728988
8.269820068359374,-0.0647928997648879,-0.0044880321342498,0.1175742400228977,0.0092003159224987,-0.0334438607096672,-0.016869893297553
8.2898720703125,-0.0665415335305035,0.0564238249462097,0.0809755709439516,0.0069798897020518,-0.0038766262587159,-0.0229785852134227
8.309924072265625,0.0374678165962919,0.0051920887503772,-0.0124310270279645,0.012557053938508,-0.0052994601428508,-0.0146944504231214
8.32997607421875,0.0644218379627913,0.0162093034576624,-0.0862538036078214,0.0290469769388437,-0.0003258073702454,-0.0022935597226023
8.350028076171874,-0.0122994000049307,-0.0583305353503674,0.0666156216800212,0.0213567428290843,-0.0116491494700312,-0.0086304564028978
8.370080078125,-0.0602860898649319,-0.0306118497543036,0.1442062263607978,0.0154881244525313,0.0006299945525825,-0.0159285422414541
8.39013232421875,-0.0502434558108449,-0.0145555449012666,-0.0687912121534347,0.0167364384979009,0.0298140924423933,-0.021578000858426
8.410184326171875,0.0728367246845737,-0.0472815372653305,0.0702548549652099,0.0244507417082786,0.0116655547171831,-0.0022889494430273
8.430236328125,0.1000988621521741,0.0575677342843264,0.0222884041756391,0.0339029245078563,-0.0106366341933608,0.0147157553583383
8.450287841796875,0.0615119053328409,0.0659231093712151,0.1056868183523416,0.0315802991390228,0.0182176083326339,0.0089101400226354
8.47033984375,0.0617024229362606,0.0108471919026225,-0.0668278031259775,0.0264036897569894,-0.0136192375794053,0.011121179908514
8.490391845703124,-0.05644194512479,0.0199145146511495,0.0880664059877395,0.0098425038158893,0.0095755066722631,0.0014850161969661
8.510444091796876,-0.1008374786250293,-0.0243684253200888,0.1255517947733402,0.0061151338741183,-0.0065657929517328,-0.0025778673589229
8.53049609375,-0.0395623777227476,0.0002128390330821,0.3266524592667817,-0.0237864051014184,-0.0239277333021163,-0.0030187561642378
8.550548095703125,-0.0245074319319799,0.0107261228062212,0.1036363155633211,-0.0092359632253646,0.0040212702006101,-0.0103903682902455
8.57060009765625,0.0842358148489147,0.0424117392718792,-0.2019207487046718,0.0268334839493036,0.0212598126381635,-0.0054475124925374
8.59065185546875,0.1486412496661767,0.0001934767454862,-0.0225233819752931,0.0206804312765598,-9.02567990124e-05,0.0135238589718937
8.6107041015625,0.1077076566554605,0.003834828922525,0.0583574964225292,0.0225960202515125,-0.0106705632060766,0.0241883099079132
8.630756103515624,0.0018504867048934,-0.016214344958961,-0.0199660987079143,0.0300244856625795,-0.010439527221024,0.0174399595707654
8.65080810546875,-0.1173658214366063,-0.0396612715199589,0.1291091949939727,0.0143216643482446,0.0065430849790573,-0.0023267311044037
8.670860107421875,-0.0695802436392754,-6.35667555034e-05,0.1188689560085535,0.0135431550443172,0.023475183174014,-0.0043451343663036
8.690912109375,0.0150141023237258,0.0031476503759622,0.0708902302592992,0.0127313379198312,0.0054908171296119,0.0039301821961998
8.71096435546875,0.0558958920819684,0.0367578051634132,0.1061556049078702,-0.0026882113888859,0.0036935023963451,0.0116450116038322
8.731016357421876,0.1381895598871633,0.0474291290424764,0.2379366494596004,-0.0119690662249922,0.0054319398477673,0.0296746306121349
8.751068115234375,0.0733376964766532,0.1656142675053328,-0.2992676087349653,0.0778166577219963,0.0467029064893722,0.0342444255948066
8.7711201171875,0.2243956884283572,-0.0331958018328994,0.1385369485527277,0.0699763149023056,-0.0383770987391471,0.0560208261013031
8.791171875,0.1102104332566261,0.009542173718661,0.0632335780262947,0.0508875958621501,-0.0141183380037546,0.040789071470499
8.811223876953125,-0.2271060433655977,-0.0562681229278445,-0.1652396620392799,0.0554233901202678,0.0478670112788677,0.0109972180798649
8.831276123046875,-0.1668549517488107,-0.0906090031426399,0.010762801554799,0.0215411558747291,0.0255742128938436,-0.0040226080454885
8.851328125,-0.2429617476126179,-0.1198940612725913,0.2629448339879512,-0.0508531294763088,0.0110368430614471,-0.0360589064657688
8.871380126953126,-0.1159094851484522,0.0232897632379084,0.3362579074800014,-0.0991720557212829,0.0016660778783261,-0.0334650203585624
8.891431884765625,0.0905352803193032,0.1023156614188104,0.0014501988083124,-0.0292746294289827,-0.0322391651570797,-0.0153215676546096
